{"avg_meta_train_spt_loss:": 10418.992691040039, "avg_meta_train_qry_loss": 0.0, "avg_meta_train_spt_acc": 0.23124998807907104, "avg_meta_train_qry_acc": 1.0, "avg_meta_eval_spt_loss:": 15423.902145385742, "avg_meta_eval_qry_loss": 13087.600776672363, "avg_meta_eval_spt_acc": 0.15625, "avg_meta_eval_qry_acc": 0.16249997913837433, "avg_meta_test_spt_loss:": 15528.717788696289, "avg_meta_test_qry_loss": 11965.572082519531, "avg_meta_test_spt_acc": 0.17499999701976776, "avg_meta_test_qry_acc": 0.22499997913837433, "_runtime": 19459, "_timestamp": 1628283334, "_step": 2470}