{"avg_meta_train_spt_loss:": 0.5700074061060221, "avg_meta_train_qry_loss": 7.727447628230038, "avg_meta_train_spt_acc": 0.7774999737739563, "avg_meta_train_qry_acc": 0.574999988079071, "avg_meta_eval_spt_loss:": 0.6043465067756766, "avg_meta_eval_qry_loss": 8.348767648613977, "avg_meta_eval_spt_acc": 0.7799999713897705, "avg_meta_eval_qry_acc": 0.6124998927116394, "avg_meta_test_spt_loss:": 6.179867498593842, "avg_meta_test_qry_loss": 12.727971535350662, "avg_meta_test_spt_acc": 0.7737499475479126, "avg_meta_test_qry_acc": 0.5625, "_runtime": 1026, "_timestamp": 1628630070, "_step": 138}