{"avg_meta_train_spt_loss:": 417.5165476799011, "avg_meta_train_qry_loss": 274.57929611206055, "avg_meta_train_spt_acc": 0.20624995231628418, "avg_meta_train_qry_acc": 0.24999992549419403, "avg_meta_eval_spt_loss:": 477.94286346435547, "avg_meta_eval_qry_loss": 437.13413763046265, "avg_meta_eval_spt_acc": 0.19374996423721313, "avg_meta_eval_qry_acc": 0.19999994337558746, "avg_meta_test_spt_loss:": 472.1476345062256, "avg_meta_test_qry_loss": 438.794451713562, "avg_meta_test_spt_acc": 0.19374994933605194, "avg_meta_test_qry_acc": 0.18749995529651642, "_runtime": 284, "_timestamp": 1628607450, "_step": 106}