{"avg_meta_train_spt_loss:": 2.6670587956905365, "avg_meta_train_qry_loss": 4.095297245308757, "avg_meta_train_spt_acc": 0.21250000596046448, "avg_meta_train_qry_acc": 0.4375, "avg_meta_eval_spt_loss:": 2.7326608523726463, "avg_meta_eval_qry_loss": 4.831639915704727, "avg_meta_eval_spt_acc": 0.16875000298023224, "avg_meta_eval_qry_acc": 0.3999999761581421, "avg_meta_test_spt_loss:": 5.8818529434502125, "avg_meta_test_qry_loss": 5.81357360183938, "avg_meta_test_spt_acc": 0.2749999761581421, "avg_meta_test_qry_acc": 0.47499993443489075, "_runtime": 2632, "_timestamp": 1628631080, "_step": 944}