{"avg_meta_train_spt_loss:": 3172.4445152282715, "avg_meta_train_qry_loss": 1508.3038158416748, "avg_meta_train_spt_acc": 0.16249997913837433, "avg_meta_train_qry_acc": 0.29999998211860657, "_runtime": 108, "_timestamp": 1628624828, "_step": 65}