{"avg_meta_train_spt_loss:": 172925.5743408203, "avg_meta_train_qry_loss": 106.60449254512787, "avg_meta_train_spt_acc": 0.33124998211860657, "avg_meta_train_qry_acc": 0.9624999165534973, "avg_meta_eval_spt_loss:": 196761.81356811523, "avg_meta_eval_qry_loss": 239104.7772216797, "avg_meta_eval_spt_acc": 0.2749999761581421, "avg_meta_eval_qry_acc": 0.17499998211860657, "avg_meta_test_spt_loss:": 236662.44458007812, "avg_meta_test_qry_loss": 187763.41137695312, "avg_meta_test_spt_acc": 0.16874998807907104, "avg_meta_test_qry_acc": 0.17500001192092896, "_runtime": 262, "_timestamp": 1628607724, "_step": 96}