{"avg_meta_train_spt_loss:": 1.0154859399255314, "avg_meta_train_qry_loss": 4.998242432673578, "avg_meta_train_spt_acc": 0.7674998641014099, "avg_meta_train_qry_acc": 0.7187500596046448, "avg_meta_eval_spt_loss:": 1.1426048423550632, "avg_meta_eval_qry_loss": 7.772758946928661, "avg_meta_eval_spt_acc": 0.7487499117851257, "avg_meta_eval_qry_acc": 0.6312500238418579, "avg_meta_test_spt_loss:": 5.665717678323284, "avg_meta_test_qry_loss": 10.654015585966363, "avg_meta_test_spt_acc": 0.7799999117851257, "avg_meta_test_qry_acc": 0.5562500357627869, "_runtime": 306, "_timestamp": 1628628402, "_step": 45}