{"avg_meta_train_spt_loss:": 117.34089189767838, "avg_meta_train_qry_loss": 96.67882109880448, "avg_meta_train_spt_acc": 0.23749996721744537, "avg_meta_train_qry_acc": 0.2874999940395355, "avg_meta_eval_spt_loss:": 80.09889614582062, "avg_meta_eval_qry_loss": 88.72735172510147, "avg_meta_eval_spt_acc": 0.23749998211860657, "avg_meta_eval_qry_acc": 0.2187499850988388, "avg_meta_test_spt_loss:": 61.10632681846619, "avg_meta_test_qry_loss": 65.42164900898933, "avg_meta_test_spt_acc": 0.2187499701976776, "avg_meta_test_qry_acc": 0.22499996423721313, "_runtime": 116, "_timestamp": 1628607150, "_step": 40}