{"avg_meta_train_spt_loss:": 0.6668164166031771, "avg_meta_train_qry_loss": 7.861689977347851, "avg_meta_train_spt_acc": 0.7574999928474426, "avg_meta_train_qry_acc": 0.625, "avg_meta_eval_spt_loss:": 0.9105014905756248, "avg_meta_eval_qry_loss": 7.8723192348144835, "avg_meta_eval_spt_acc": 0.7262501120567322, "avg_meta_eval_qry_acc": 0.6312499642372131, "avg_meta_test_spt_loss:": 5.628650376246088, "avg_meta_test_qry_loss": 9.85249103535898, "avg_meta_test_spt_acc": 0.79625004529953, "avg_meta_test_qry_acc": 0.518750011920929, "_runtime": 2103, "_timestamp": 1628630597, "_step": 294}