{"avg_meta_train_spt_loss:": 33.28078192472458, "avg_meta_train_qry_loss": 4.890232285484672, "avg_meta_train_spt_acc": 0.16249999403953552, "avg_meta_train_qry_acc": 0.5750001072883606, "_runtime": 109, "_timestamp": 1628626629, "_step": 64}