{"avg_meta_train_spt_loss:": 0.4854916403381299, "avg_meta_train_qry_loss": 6.176700488838776, "avg_meta_train_spt_acc": 0.7837499380111694, "avg_meta_train_qry_acc": 0.6562499403953552, "avg_meta_eval_spt_loss:": 0.5677113303928857, "avg_meta_eval_qry_loss": 9.317519392818213, "avg_meta_eval_spt_acc": 0.76624995470047, "avg_meta_eval_qry_acc": 0.5250000357627869, "avg_meta_test_spt_loss:": 5.990623402029755, "avg_meta_test_qry_loss": 11.655370040703929, "avg_meta_test_spt_acc": 0.7849999666213989, "avg_meta_test_qry_acc": 0.543749988079071, "_runtime": 992, "_timestamp": 1628631080, "_step": 130}