{"avg_meta_train_spt_loss:": 9.665054932236671, "avg_meta_train_qry_loss": 2.096562437713146, "avg_meta_train_spt_acc": 0.19999994337558746, "avg_meta_train_qry_acc": 0.6187500357627869, "_runtime": 1211, "_timestamp": 1628626477, "_step": 867}