{"avg_meta_train_spt_loss:": 24.11928901076317, "avg_meta_train_qry_loss": 18.762285962700844, "avg_meta_train_spt_acc": 0.23124998807907104, "avg_meta_train_qry_acc": 0.1875000149011612, "avg_meta_eval_spt_loss:": 27.14969003200531, "avg_meta_eval_qry_loss": 18.80900940299034, "avg_meta_eval_spt_acc": 0.16874998807907104, "avg_meta_eval_qry_acc": 0.2562499940395355, "avg_meta_test_spt_loss:": 25.777237683534622, "avg_meta_test_qry_loss": 18.717315584421158, "avg_meta_test_spt_acc": 0.2187499850988388, "avg_meta_test_qry_acc": 0.2812499701976776, "_runtime": 135, "_timestamp": 1628283504, "_step": 14}