{"avg_meta_train_spt_loss:": 2.062066063284874, "avg_meta_train_qry_loss": 1.4714176319539547, "avg_meta_train_spt_acc": 0.29374992847442627, "avg_meta_train_qry_acc": 0.35625001788139343, "avg_meta_eval_spt_loss:": 1.9168967343866825, "avg_meta_eval_qry_loss": 1.9665783271193504, "avg_meta_eval_spt_acc": 0.17499998211860657, "avg_meta_eval_qry_acc": 0.2124999612569809, "avg_meta_test_spt_loss:": 2.317328490316868, "avg_meta_test_qry_loss": 1.9668229259550571, "avg_meta_test_spt_acc": 0.1874999850988388, "avg_meta_test_qry_acc": 0.2187499701976776, "_runtime": 724, "_timestamp": 1628263608, "_step": 83}