{"avg_meta_train_spt_loss:": 3.0950695276260376, "avg_meta_train_qry_loss": 29.96950474381447, "avg_meta_train_spt_acc": 0.2812499403953552, "avg_meta_train_qry_acc": 0.2812499701976776, "_runtime": 225, "_timestamp": 1628625254, "_step": 150}