{"avg_meta_train_spt_loss:": 65519555.5, "avg_meta_train_qry_loss": 64933964.125, "avg_meta_train_spt_acc": 0.19999994337558746, "avg_meta_train_qry_acc": 0.19999994337558746, "avg_meta_eval_spt_loss:": 62180247.875, "avg_meta_eval_qry_loss": 55496164.875, "avg_meta_eval_spt_acc": 0.19999994337558746, "avg_meta_eval_qry_acc": 0.19999994337558746, "avg_meta_test_spt_loss:": 64973860.625, "avg_meta_test_qry_loss": 62411229.125, "avg_meta_test_spt_acc": 0.19999994337558746, "avg_meta_test_qry_acc": 0.19999994337558746, "_runtime": 87765, "_timestamp": 1628371309, "_step": 11308}