{"avg_meta_train_spt_loss:": 11.59314679020261, "avg_meta_train_qry_loss": 4.042572434895192, "avg_meta_train_spt_acc": 0.8037499189376831, "avg_meta_train_qry_acc": 0.7437499761581421, "_runtime": 400, "_timestamp": 1628627042, "_step": 105}