{"avg_meta_train_spt_loss:": 2779356.33203125, "avg_meta_train_qry_loss": 1025187.757666111, "avg_meta_train_spt_acc": 0.1250000149011612, "avg_meta_train_qry_acc": 0.6437500715255737, "avg_meta_eval_spt_loss:": 2158277.26171875, "avg_meta_eval_qry_loss": 2438775.55078125, "avg_meta_eval_spt_acc": 0.20624998211860657, "avg_meta_eval_qry_acc": 0.21249999105930328, "avg_meta_test_spt_loss:": 2606146.703125, "avg_meta_test_qry_loss": 2438694.552734375, "avg_meta_test_spt_acc": 0.2124999761581421, "avg_meta_test_qry_acc": 0.16874998807907104, "_runtime": 15890, "_timestamp": 1628623642, "_step": 6308}