{"avg_meta_train_spt_loss:": 48.27648091316223, "avg_meta_train_qry_loss": 6.390088113956153, "avg_meta_train_spt_acc": 0.1812499761581421, "avg_meta_train_qry_acc": 0.7062498927116394, "avg_meta_eval_spt_loss:": 40.210506327450275, "avg_meta_eval_qry_loss": 38.009964257478714, "avg_meta_eval_spt_acc": 0.26874998211860657, "avg_meta_eval_qry_acc": 0.21250000596046448, "avg_meta_test_spt_loss:": 48.163533210754395, "avg_meta_test_qry_loss": 34.934494495391846, "avg_meta_test_spt_acc": 0.16875000298023224, "avg_meta_test_qry_acc": 0.2812499701976776, "_runtime": 166, "_timestamp": 1628607022, "_step": 59}