{"avg_meta_train_spt_loss:": 1.5753174686784606, "avg_meta_train_qry_loss": 2.8438745773848524, "avg_meta_train_spt_acc": 0.7450001239776611, "avg_meta_train_qry_acc": 0.7687498927116394, "_runtime": 1026, "_timestamp": 1628628083, "_step": 277}