{"avg_meta_train_spt_loss:": 5836.903579711914, "avg_meta_train_qry_loss": 1882.809564590454, "avg_meta_train_spt_acc": 0.19374994933605194, "avg_meta_train_qry_acc": 0.34999993443489075, "_runtime": 178, "_timestamp": 1628625017, "_step": 110}